[{"id":"aaa1795b-8dff-4ebc-be9a-bfa44c9eaded","codename":"hero","last_modified":"2021-01-25T11:03:12.3038973Z","name":"Hero","content_groups":[],"elements":[{"maximum_text_length":null,"name":"Headline","guidelines":null,"is_required":false,"type":"text","id":"4560bbec-40ea-4d33-a3e5-95a801a0d278","codename":"headline"},{"maximum_text_length":null,"maximum_image_size":null,"allowed_content_types":[],"image_width_limit":null,"image_height_limit":null,"allowed_image_types":"any","allowed_blocks":[],"allowed_formatting":[],"allowed_text_blocks":[],"allowed_table_blocks":[],"allowed_table_formatting":[],"allowed_table_text_blocks":[],"name":"Summary","guidelines":null,"is_required":false,"type":"rich_text","id":"4853ade8-827f-483e-b1d9-8e4c6f482a2f","codename":"summary"},{"maximum_text_length":null,"name":"CTA label","guidelines":null,"is_required":false,"type":"text","id":"e95daad8-3fb1-46a0-8690-5752092c9ec0","codename":"cta_label"},{"maximum_text_length":null,"name":"CTA URL","guidelines":null,"is_required":false,"type":"text","id":"0b6ff3e3-b03f-4cdd-aeb5-a54da8d6fb86","codename":"cta_url"}]}]