[{"elements":[{"element":{"id":"4560bbec-40ea-4d33-a3e5-95a801a0d278"},"value":"From zero to hero with Next.js and Kontent"},{"components":[],"element":{"id":"4853ade8-827f-483e-b1d9-8e4c6f482a2f"},"value":"<p>How to start with the Jamstack app utilizing <a href=\"https://nextjs.org\">Next.js</a> and <a href=\"https://kontent.ai\">Kentico Kontent</a>.</p>"},{"element":{"id":"e95daad8-3fb1-46a0-8690-5752092c9ec0"},"value":"Explore"},{"element":{"id":"0b6ff3e3-b03f-4cdd-aeb5-a54da8d6fb86"},"value":"https://github.com/Kentico/kontent-boilerplate-next-js#readme"}],"workflow_step":{"id":"c199950d-99f0-4983-b711-6c4c91624b22"},"item":{"id":"4c9b9803-9bf1-4012-9a25-f83f682ccb66"},"language":{"id":"00000000-0000-0000-0000-000000000000"},"last_modified":"2021-01-25T17:35:15.9859987Z"}]